{
"name": "features",
"description": "features",
"version": "2",
"minzoom": "0",
"maxzoom": "14",
"center": "-97.789307,30.211608,14",
"bounds": "-98.006016,30.065426,-97.482775,30.512513",
"type": "overlay",
"format": "pbf",
"generator": "tippecanoe v1.35.0",
"generator_options": "tippecanoe -e features --no-tile-compression features.geojson",
"json": "{\"vector_layers\": [ { \"id\": \"features\", \"description\": \"\", \"minzoom\": 0, \"maxzoom\": 14, \"fields\": {\"Property Address\": \"String\", \"Property Index Number\": \"String\", \"Relative Size\": \"Number\", \"Taxpayer\": \"String\", \"Taxpayer Match Code\": \"Number\", \"lat\": \"Number\", \"lon\": \"Number\"} } ],\"tilestats\": {\"layerCount\": 1,\"layers\": [{\"layer\": \"features\",\"count\": 18809,\"geometry\": \"Point\",\"attributeCount\": 7,\"attributes\": [{\"attribute\": \"Property Address\",\"count\": 1000,\"type\": \"string\",\"values\": [\"\",\"1  GREEN LN AUSTIN 78703\",\"100  CLOUDVIEW DR AUSTIN 78745\",\"100  DEEN AVE AUSTIN 78753\",\"100  METEOR DR AUSTIN 78745\",\"100  PASCAL LN AUSTIN 78746\",\"100 E 30 ST AUSTIN 78705\",\"100 S LAKE HILLS DR AUSTIN 78733\",\"100 W PHEASANT DR AUSTIN 78753\",\"1000  BYERS LN AUSTIN 78753\",\"1000  CHIMNEY ROCK DR AUSTIN 78758\",\"1000  FIESTA ST AUSTIN 78702\",\"1000  FLORADALE DR AUSTIN 78753\",\"1000  GLEN OAKS CT AUSTIN 78702\",\"1000  KING ALBERT  AUSTIN 78745\",\"1000  LAKEWOOD HILLS TER AUSTIN 78732\",\"1000  MINDA DR AUSTIN 78758\",\"1000  MORROW ST AUSTIN 78757\",\"1000  NORTH BEND DR AUSTIN 78758\",\"1000  ST JOHNS CIR AUSTIN 78757\",\"1000  STRICKLING DR AUSTIN 78660\",\"1000  WISTERIA TRL AUSTIN 78753\",\"1000 E HOWARD LN AUSTIN 78753\",\"1000 W MILTON ST AUSTIN 78704\",\"10000  TALLEYRAN DR AUSTIN 78750\",\"10000 E RUTLAND VILLAGE  AUSTIN 78758\",\"10001  SCULL CREEK DR AUSTIN 78730\",\"10001  WOODHAVEN DR AUSTIN 78753\",\"10001 E RUTLAND VILLAGE  AUSTIN 78758\",\"10003  BAXTER LN AUSTIN 78736\",\"10003 E RUTLAND VILLAGE  AUSTIN 78758\",\"10004  BROWNIE DR AUSTIN 78753\",\"10004  QUAIL HUTCH DR AUSTIN 78758\",\"10005  BILBROOK PL AUSTIN 78748\",\"10006  MENCHACA RD AUSTIN 78748\",\"10007  BADEN LN AUSTIN 78754\",\"10007  CAPITOL VIEW DR AUSTIN 78747\",\"10008  GRIZZLY OAK DR AUSTIN 78748\",\"10008  MENCHACA RD AUSTIN 78748\",\"10009  QUAIL VALLEY BLVD AUSTIN 78758\",\"10009  WEBBWOOD WAY AUSTIN 78724\",\"1001  ALDEN DR AUSTIN 78758\",\"1001  BYERS LN AUSTIN 78753\",\"1001  GULLETT ST AUSTIN 78702\",\"1001  HATTERAS DR AUSTIN 78753\",\"1001  HOLLY ST AUSTIN 78702\",\"1001  LYDIA ST AUSTIN 78702\",\"1001  MAXINES CV AUSTIN 78660\",\"1001  MILFORD WAY AUSTIN 78745\",\"1001  THE HIGH RD AUSTIN 78746\",\"1001  VARGAS RD AUSTIN 78741\",\"1001  VILLAGE WEST DR AUSTIN 78733\",\"1001 E 50 ST AUSTIN 78751\",\"1001 E 52 ST AUSTIN 78751\",\"1001 W RUNDBERG LN AUSTIN 78758\",\"10010  HAMPSHIRE DR AUSTIN 78753\",\"10010  LAKE RIDGE DR AUSTIN 78733\",\"10010  QUAIL VALLEY BLVD AUSTIN 78758\",\"10011  BROWNIE DR AUSTIN 78753\",\"10011  PETERSON RD DEL VALLE 78617\",\"10011  QUAIL VALLEY BLVD AUSTIN 78758\",\"10012  CHILDRESS DR AUSTIN 78753\",\"10012  PINNACLE CREST LP AUSTIN 78747\",\"10012 N RANCH RD 620  AUSTIN 78726\",\"10013  BADEN LN AUSTIN 78754\",\"10013  MOUNT RAINER DR AUSTIN 78747\",\"10013  PLANTERS WOODS DR AUSTIN 78730\",\"10017  PETERSON RD AUSTIN 78617\",\"10017  RODRIGUEZ RD AUSTIN 78747\",\"10018  RIMSTONE TRL AUSTIN 78736\",\"10019  BIG VIEW DR AUSTIN 78730\",\"1002  CASTILE RD AUSTIN 78733\",\"1002  FIELDWOOD DR AUSTIN 78758\",\"1002  KING ALBERT  AUSTIN 78745\",\"1002  LIPAN TRL AUSTIN 78733\",\"1002  LORRAIN ST AUSTIN 78703\",\"1002  NAVASOTA ST AUSTIN 78702\",\"1002  NEANS DR AUSTIN 78758\",\"1002  PLYMOUTH DR AUSTIN 78758\",\"1002  REDD ST AUSTIN 78745\",\"1002  VALDEZ ST AUSTIN 78741\",\"1002  VARGAS RD AUSTIN 78741\",\"1002  WARRINGTON DR AUSTIN 78753\",\"1002 N MEADOWS DR AUSTIN 78758\",\"1002 W JOHANNA ST AUSTIN 78704\",\"10020  ANAHUAC TRL AUSTIN 78747\",\"10021  GERTRUDIS LP AUSTIN 78747\",\"10023  PETERSON RD AUSTIN 78617\",\"10024  CHANNEL ISLAND DR AUSTIN 78747\",\"10025  CIRCLEVIEW DR AUSTIN 78733\",\"10025  PINNACLE CREST LP AUSTIN 78747\",\"10028  ANAHUAC TRL AUSTIN 78747\",\"1003  ACORN OAKS DR AUSTIN 78745\",\"1003  AUDREY CT AUSTIN 78704\",\"1003  CANYON EDGE DR AUSTIN 78733\",\"1003  CHARLOTTE ST AUSTIN 78703\",\"1003  FIELDWOOD DR AUSTIN 78758\",\"1003  GLAZIER CIR AUSTIN 78753\",\"1003  JUANITA ST AUSTIN 78704\",\"1003  MILFORD WAY AUSTIN 78745\"]},{\"attribute\": \"Property Index Number\",\"count\": 1000,\"type\": \"string\",\"values\": [\"100044\",\"100047\",\"100073\",\"100089\",\"100091\",\"100102\",\"100104\",\"100109\",\"100145\",\"100147\",\"100156\",\"100160\",\"100163\",\"100164\",\"100171\",\"100178\",\"100193\",\"100216\",\"100240\",\"100244\",\"100245\",\"100248\",\"100278\",\"100344\",\"100358\",\"100365\",\"100408\",\"100419\",\"100424\",\"100427\",\"100429\",\"100431\",\"100434\",\"100435\",\"100439\",\"100442\",\"100466\",\"100473\",\"100485\",\"100523\",\"100526\",\"100537\",\"100553\",\"100554\",\"100564\",\"100594\",\"100620\",\"100627\",\"100628\",\"100632\",\"100635\",\"100653\",\"100677\",\"100678\",\"100684\",\"100700\",\"100720\",\"100724\",\"100746\",\"100748\",\"100777\",\"100778\",\"100790\",\"100798\",\"100803\",\"100815\",\"100817\",\"100819\",\"100820\",\"100821\",\"100826\",\"100827\",\"100876\",\"100877\",\"100894\",\"100903\",\"100924\",\"100925\",\"100940\",\"100960\",\"100969\",\"101010\",\"101020\",\"101036\",\"101044\",\"101048\",\"101065\",\"101072\",\"101079\",\"101114\",\"101136\",\"101138\",\"101174\",\"101182\",\"101183\",\"101191\",\"101192\",\"101207\",\"101215\",\"101233\"]},{\"attribute\": \"Relative Size\",\"count\": 29,\"type\": \"number\",\"values\": [10,106,11,12,13,14,15,16,17,18,19,2,20,21,22,24,25,26,3,30,32,4,5,6,60,61,7,8,9],\"min\": 2,\"max\": 106},{\"attribute\": \"Taxpayer\",\"count\": 1000,\"type\": \"string\",\"values\": [\"\",\"02/04 BLUE CREST LLC\",\"101 VENTURES LLC\",\"10212 MANCHACA ROAD SERIES\",\"10901 FM 812 LLC\",\"12005 HIGHWAY 290 WEST LP\",\"1207 EAST CESAR CHAVEZ LP\",\"1210 WEST LLC\",\"1221 ENDEAVORS LLC\",\"123 INVESTMENT LLC\",\"1310 MAPLE AVENUE LLC\",\"13201 FM 812 HOLDINGS LLC\",\"1404 NINTH LLC\",\"1451 PROPERTY SOLUTIONS L L C\",\"1505 OREILLY COURT SERIES\",\"15404 MARSHA STREET LLC\",\"16 TOURNAMENT LLC\",\"1704 BARTON CREEK REVOCABLE TRUST\",\"1705 HILLCREST LLC\",\"1720 W ANDERSON LANE LLC\",\"1805 BLUEBONNET LLC\",\"1806 WILLOW LLC\",\"1826 SC PROPERTIES LLC\",\"1918 ROBBINS PLACE LLC\",\"2000 OXFORD LANE LLC\",\"2003 MARILYN BISHARA\",\"2005 LUCAS FAMILY TRUST\",\"2005 WINDSOR LP\",\"2008 ALEXANDER LLC\",\"2012 COATS CIRCLE LLC\",\"2017 RIVER BEND LP\",\"2018 COMMERCIAL FUND 2 LP\",\"2018 EAST AUSTIN LAND FUND 2 LP\",\"2018 SINGLE FAMILY FUND 2 LP\",\"2222 RESEARCH PARK LTD\",\"2731 INC\",\"2904-2906 WINDSOR LLC\",\"3 FROST PROPERTIES LLC\",\"310STEWARD LLC\",\"3200 CLAWSON PROJECT LLC\",\"3423 HOLDINGS LLC\",\"34TH STREET INVESTMENTS LLC\",\"35 REAL ESTATE LLC\",\"3516 SOUTHRIDGE LLC\",\"360 DEGREE CONSTRUCTION COMPANY LLC\",\"3705 WESTLAKE TRUST\",\"405 WEST 39TH STREET LLC\",\"4F BUSINESS LLC\",\"4TH STREET STUDIO LP\",\"51ST CENTER LLC\",\"5205 STAR LIGHT LLC\",\"53 LUCKY LEAF HOLDINGS LLC\",\"5301 WEST DUVAL ROAD LLC\",\"5413 GUADALUPE LLC\",\"5611 JEFF DAVIS LLC\",\"59 ACRES LLC\",\"605 RADAM LLC\",\"6402 FELIX AVE LLC\",\"678 OLD MANCHACA LLC\",\"706 W 34TH LLC\",\"707BROWNLEE LLC\",\"726 LLC\",\"76 ARTLAND INVESTMENTS L L C\",\"76 ARTLAND INVESTMENTS LLC\",\"7600 BURLESON RD LLC\",\"800 FM 1626 LLC\",\"804 RIO GRANDE LLC\",\"8303 CLUB RIDGE LLC\",\"8401 FURNESS LLC\",\"973 FARM LLC\",\"9900 ROXANNA LLC\",\"A & JD RANCHING LLC\",\"A & K HOLDINGS LLC\",\"A R S A R LP\",\"A SQUARED LLC\",\"A-SQUARED LLC\",\"AACSI INVESTMENTS LLC\",\"AARNESS JOAN M\",\"AB RUNDBERG LAND LLC\",\"ABAD GERARDO R & LOUIE G\",\"ABARCA FILADELFO\",\"ABBOT STEPHEN N\",\"ABDALLAH REBECCA\",\"ABDULKADER MARWAN\",\"ABDULLKADER MOHAMAD\",\"ABERNATHY MILES L\",\"ABNEY FAMILY TRUST\",\"ABRAHAM MATTHEW CHARLES &\",\"ABRAMEIT KEVIN L & DONNA M\",\"ACC OP (THE BLOCK) LLC\",\"ACCESSIBLE HOUSING AUSTIN\",\"ACEVEDO EUTIQUIO R & OFELIA T\",\"ACKERLEY ELIZABETH MARIE\",\"ACKLEN JEFF\",\"ACME AUSTIN RENTALS LLC\",\"ACN REAL ESTATE LLC\",\"ACOSTA ANITA\",\"ACOSTA ERIC K\",\"ACOSTA GUADALUPE & RAFELITA\",\"ACOSTA NANCY CONECHE\"]},{\"attribute\": \"Taxpayer Match Code\",\"count\": 1000,\"type\": \"number\",\"values\": [100030,100058,100067,100081,100117,100128,100132,100135,100185,100207,100210,100214,100227,100359,100364,100367,100384,100410,100422,100469,100487,100506,100512,100516,100539,100554,100570,100601,100632,100703,100721,100843,100844,100851,100904,100913,101045,101141,101308,101342,101411,101438,101457,101601,101682,101683,101697,101703,101731,101740,101895,101903,1019691,101998,102037,102083,102104,102106,102170,102244,102338,102454,102467,102634,102638,102685,102686,102701,102750,102770,102777,102799,102928,103015,103063,103084,103096,103206,103227,103263,103311,103352,103385,103400,103429,103497,103527,103575,103660,103683,103697,103718,103724,103777,103828,103880,103883,103923,104015,104019],\"min\": 100030,\"max\": 1850348},{\"attribute\": \"lat\",\"count\": 1000,\"type\": \"number\",\"values\": [30.065425493019825,30.065882289195267,30.066233706999147,30.06714179313884,30.06780787055669,30.070456782410699,30.07062379945513,30.08029481406436,30.08110069047579,30.081484337602196,30.081796670050048,30.08199818016472,30.082563379505286,30.082640494674597,30.08314421060845,30.08617501937394,30.086835912924728,30.087440879574819,30.088122940680838,30.089813111060285,30.090068289137709,30.09099546971074,30.091227037436945,30.091243364517866,30.094679132311485,30.097796402905624,30.100339610269349,30.101867459332835,30.102379296488715,30.10250396055743,30.102972845812738,30.103102887532694,30.103417978064074,30.103848821352338,30.103938512456439,30.104045585932746,30.10478912133433,30.104881424466574,30.105203818224277,30.10532064808646,30.105410517204388,30.10553007781668,30.105660275345899,30.107006690271374,30.107115048794875,30.107451292995749,30.108039784934954,30.108120382907328,30.10827759267797,30.10833046185252,30.108536664490314,30.108543595187954,30.109098757241843,30.109170585939645,30.110057165435454,30.11013387494711,30.11045160173978,30.110887637728845,30.11100781512182,30.11104219345912,30.111123800659937,30.11143117437019,30.11153110621528,30.111547780563659,30.11180309761331,30.112116296879454,30.112249385521307,30.11234831392625,30.112442120574458,30.112729020380067,30.11274353108055,30.113307512943807,30.113314810686025,30.113366781531029,30.113741320691056,30.113752695885819,30.114190471835796,30.11432775494243,30.11452975579498,30.114580489620317,30.114749684689849,30.114811936529205,30.11504367510136,30.115355669675414,30.115410744307753,30.11543734366169,30.115531374532258,30.11559908585134,30.115698815043325,30.116083243272695,30.116444079053634,30.11651172806155,30.117050187469514,30.117129611215455,30.11726828550265,30.11732868003366,30.117469962506747,30.11750895156534,30.117554981975564,30.117727547244198],\"min\": 30.065425493019825,\"max\": 30.51251281011643},{\"attribute\": \"lon\",\"count\": 1000,\"type\": \"number\",\"values\": [-97.4827746507597,-97.48360439974363,-97.4838445637798,-97.48426919531649,-97.48629573987901,-97.48694764605568,-97.4874201852287,-97.48857632227892,-97.48859597595728,-97.49031953998009,-97.49048450758839,-97.49085850821601,-97.49087559387195,-97.49088364703556,-97.49107492925381,-97.49169252577487,-97.49195412592514,-97.4921444588759,-97.4922820419286,-97.49231045322533,-97.49259350134028,-97.4954324335993,-97.49663400901511,-97.49679982532932,-97.49709014164893,-97.4972972643593,-97.4974630976597,-97.49761674078437,-97.49762890743324,-97.49766423583229,-97.49773905277719,-97.49779472254125,-97.49794816185862,-97.49860512428825,-97.49964793891518,-97.49987024587677,-97.50704113950946,-97.50728935681427,-97.50740947397907,-97.50764994777856,-97.50792376682328,-97.50799783379861,-97.50813086836684,-97.50895675711722,-97.50897265661883,-97.5090929209805,-97.50956111907422,-97.50961791310411,-97.50992461808954,-97.51024932643644,-97.51028389248239,-97.51030714460156,-97.51038418596984,-97.51040890735593,-97.51055586141212,-97.51057246337568,-97.51070041344089,-97.51072519067127,-97.51074596334706,-97.51078743022934,-97.51086801460554,-97.5109932310271,-97.51114590213359,-97.51152561607081,-97.51182964026762,-97.51264573197084,-97.51286984571367,-97.51312429295892,-97.51395078432557,-97.51411539424821,-97.51412105638048,-97.51427830802069,-97.51457687126796,-97.51487745060627,-97.51511279273596,-97.5153835366022,-97.51544649058998,-97.51571424148601,-97.51588084636876,-97.51612781034565,-97.51834446686842,-97.51855314852289,-97.51875019740541,-97.51979795511058,-97.52058340530047,-97.52090727358689,-97.52112218944782,-97.52119342673649,-97.52167880295096,-97.52168265005786,-97.52185060191444,-97.52220381294863,-97.52299673166445,-97.52301793801077,-97.52304696370664,-97.52305784004075,-97.52306273223121,-97.52311577674999,-97.52329747380584,-97.52342785941609],\"min\": -98.00601605532856,\"max\": -97.4827746507597}]}]}}"
}
